{"resources":["src/assets/sounds/sounds.mp3"],"spritemap":{"button_click":{"start":0,"end":0.11321995464852608,"loop":false},"claim":{"start":2,"end":4.75,"loop":false},"complete":{"start":6,"end":10.09108843537415,"loop":false},"error":{"start":12,"end":12.62501133786848,"loop":false},"fail":{"start":14,"end":18,"loop":false},"freeze":{"start":19,"end":20.890385487528345,"loop":false},"hint":{"start":22,"end":24.235170068027212,"loop":false},"hit":{"start":26,"end":28.751972789115648,"loop":false},"miss":{"start":30,"end":30.314467120181405,"loop":false},"reward":{"start":32,"end":34.06251700680272,"loop":false}}}