{"resources":["src/assets/sounds/sounds.mp3"],"spritemap":{"advance":{"start":0,"end":0.7011111111111111,"loop":false},"click":{"start":2,"end":2.0667573696145123,"loop":false},"coins":{"start":4,"end":4.998684807256236,"loop":false},"combat":{"start":6,"end":6.4386848072562355,"loop":false},"crunch":{"start":8,"end":8.209750566893424,"loop":false},"death":{"start":10,"end":11.001065759637187,"loop":false},"equip":{"start":13,"end":13.360680272108844,"loop":false},"equip2":{"start":15,"end":16.011337868480727,"loop":false},"gulp":{"start":18,"end":18.162448979591836,"loop":false},"hit":{"start":20,"end":20.9984126984127,"loop":false},"miss":{"start":22,"end":22.461496598639457,"loop":false},"slash":{"start":24,"end":25.00702947845805,"loop":false},"step":{"start":27,"end":27.773310657596372,"loop":false}}}